ID,Фамилия,Email,Дата регистрации,Сайт
2020,Callahan,urangel@espinoza-francis.net,,http://www.escobar.org
08,Ferrell,xreese@hall-donovan.com,,https://tyler-pugh.info
26,Andersen,haleybraun@blevins-sexton.com,,https://www.mack-bell.net
1,Ponce,hohailey@anthony.com,,https://delacruz-freeman.org
2020,Mccormick,alvaradojesse@rangel-shields.com,,https://welch.info
04,Lee,briangriffin@chang.org,,https://www.roberts.com
27,Hoffman,bauergerald@morrison.com,,http://www.holt.com
2,Wiggins,changkellie@howell.com,,http://carlson.com
3,Payne,mayerjerome@hurst-graham.net,,https://www.glenn-snow.com
2022,Franco,kentryan@stone-oneill.com,,http://ruiz.com
03,Hawkins,danielbuckley@hatfield.info,,https://www.newman.com
22,Shaffer,gabrielaleach@rose.net,,https://www.hoffman-rubio.com
4,Moran,cartermallory@chung.com,,https://hinton.info
2020,Hammond,lweeks@hooper.org,,https://bush-huynh.org
07,Blackwell,calhounalisha@hardin.net,,https://barker-bishop.info
02,Newton,ypayne@gaines.biz,,https://figueroa.com
2021,Archer,nwu@brady-chen.com,,http://www.callahan.net
01,Griffin,harold11@mullen.org,,http://www.mclaughlin-hubbard.net
17,Valencia,andrewsanders@marks.com,,http://www.myers.com
5,Ramsey,amy99@booker.com,,http://www.larsen-floyd.biz
6,Meadows,basschristian@faulkner.com,,https://chavez.com
2021,Brock,ldelacruz@spence.com,,https://www.norman.org
08,Pope,hayleyritter@price.net,,http://www.moyer.com
13,Stanton,yhebert@hays-rivera.com,,http://young.com
7,Flynn,austinhobbs@briggs.com,,http://huerta-cordova.info
2020,Williamson,zramos@haney.org,,http://www.allison-clements.com
04,Calderon,shelley82@jarvis.com,,http://www.larsen.org
09,Walton,sharigriffin@cameron.com,,https://quinn.biz
8,Mack,rpace@huynh.com,,http://www.macdonald-lyons.com
2021,Jacobson,emullins@simpson-christensen.com,,http://www.guerra-armstrong.com
04,Harper,patricialeach@hernandez.biz,,http://www.barajas-hendrix.com
02,Mayer,mindy15@fuentes.org,,http://perkins.com
2020,Owens,jake39@little.com,,https://mckee-hill.net
11,Davies,mhudson@hardin.com,,https://www.bray.com
26,Cruz,nlane@kane-pennington.com,,https://www.tran.net
9,Hubbard,savannah10@simpson.com,,https://www.velazquez-wright.com
2021,Bennett,cristian16@hill-beard.com,,https://www.frederick.com
06,Hansen,jasmineaustin@whitehead.info,,https://www.graves.info
29,Foster,samuel97@wyatt.com,,https://www.schmitt.com
10,Medina,karlgarrett@fischer.biz,,http://www.nicholson.org
11,Santana,biancahenry@hernandez.org,,http://www.gates.net
2021,Moreno,marisa13@hickman.com,,https://www.gillespie.biz
05,Bush,billymorris@lambert-irwin.com,,http://www.zhang.com
02,Davenport,barry91@howe.info,,https://www.davenport.com
12,Terry,kdavies@owen-humphrey.info,,http://www.grimes-summers.com
2021,Esparza,gregghendricks@conner-weiss.info,,http://harris.net
04,Richard,alfredbradford@perry.com,,https://www.delacruz.com
07,Moore,ngilmore@bush.net,,https://www.tyler.com
13,Gillespie,vgilbert@romero.biz,,https://www.long-hickman.com
2020,Lin,dgould@graham-winters.com,,https://johns-sharp.com
02,Thomas,fsuarez@cooper-montes.biz,,http://mcgrath.org
28,Fischer,natasha83@delacruz-edwards.com,,https://spencer.com
14,West,mbonilla@hampton.com,,https://www.lindsey.org
2022,Morton,basskaylee@lynn-gill.biz,,https://www.leblanc.com
03,Guerra,lfaulkner@villanueva.com,,https://giles-newton.com
03,Shelton,maystiffany@davidson.com,,https://richmond.com
15,Meza,katie69@romero.net,,https://nolan.com
2021,Tapia,valerie35@olsen.com,,http://www.fernandez-fisher.com
03,Powell,ivanhiggins@charles-estrada.com,,https://www.mcneil.com
30,Irwin,xcallahan@cantu.com,,https://www.nguyen.com
16,Hodge,melvindrake@friedman-bradley.com,,https://www.cain-allen.com
2020,Drake,carpentergary@vance-weeks.com,,https://www.snow.org
08,Tran,duartejohnathan@pennington.com,,https://www.knight.net
09,Webster,zbrock@blevins-payne.com,,http://www.rush.biz
17,Mcclure,phelpsandres@hartman-cooper.org,,http://www.levine.com
2021,Wu,nataliefarley@richardson.com,,http://carrillo.com
05,Bridges,daisyblair@walsh-holmes.org,,https://www.trevino.info
21,Washington,thomasnicholas@blankenship-ford.com,,https://www.wagner.org
2021,Ayala,hburke@duke-mcmahon.com,,https://www.copeland.org
06,Hooper,lonnielittle@hoffman-meadows.com,,http://moyer.com
02,Robbins,qmcdaniel@cruz.net,,https://www.acevedo-macdonald.net
18,Cobb,austinvang@glenn.com,,https://deleon.com
19,Salas,shortfrederick@cobb.net,,https://www.roach.com
2021,Long,yolanda69@rosario.com,,http://www.blankenship.com
04,Kemp,michaela80@russell.com,,http://www.terrell.com
17,Horn,ashley39@garrison.com,,https://www.rodgers.biz
20,Spears,alan50@hobbs.info,,https://valdez-li.org
2020,Ortiz,hsantos@lopez.info,,http://whitehead.info
12,Ortega,robbinsgordon@dyer-kim.info,,http://barr-salas.org
30,Cantu,meghanfernandez@patel-todd.com,,http://schaefer.com
2020,Pittman,gabrielarobbins@hawkins-bernard.com,,http://www.benson-keller.com
01,Cowan,qlarson@berry.biz,,http://www.potts-conrad.com
01,Chen,hmorgan@olson.com,,https://ibarra.com
21,Stanley,charlottemercer@hensley.net,,http://watson-frye.org
22,Gallegos,escobarisabella@harrell-santiago.info,,https://kirk-skinner.com
2021,Pruitt,jessica36@hart.com,,https://www.mccormick.biz
06,Vaughan,ellen80@bonilla.com,,http://jefferson.com
27,Bautista,chavezrandall@mckinney-stafford.net,,https://www.anthony.net
23,Chase,gravesgrace@molina.org,,http://wise-mendez.com
2020,Hurley,hhuerta@morris-case.info,,https://zimmerman.com
05,Huang,ydavid@potter.com,,http://sampson-marshall.biz
19,Cummings,colealexander@turner.biz,,http://www.atkinson-may.com
24,Jackson,carpenterkylie@chambers-frost.com,,http://henry.com
2020,Chapman,adrian55@gardner-gaines.com,,https://www.gutierrez-lloyd.com
01,Cortez,bonillaalex@cervantes.org,,http://www.mayer.com
23,Hendrix,maureen18@barr.org,,http://mccarty-meza.info
25,Buchanan,ocole@sanders-lowery.net,,http://www.price.com
2020,Moore,spencerbright@powell.biz,,https://wall-reid.com
09,Tanner,dawncoffey@barker.com,,https://newton-esparza.net
05,Sims,anthonyzuniga@tucker.com,,http://moran.com
2020,Strong,carrillokenneth@bowman-montoya.com,,https://allison.info
03,Mullins,mercedes11@floyd-hall.com,,https://bates-christian.biz
06,Rush,dominguezparker@preston.net,,http://hill.com
26,Hurst,vernonrush@harvey.com,,http://www.hurst-johnston.info
2021,Collier,samantha34@mccarthy.com,,https://hendrix-pittman.biz
06,Sanchez,joconnor@cooley.com,,https://jones.com
17,Manning,toddmcmahon@beard-lambert.com,,http://hurley.org
27,Forbes,veronicablankenship@pace.com,,http://osborne.com
28,Ryan,swarren@buck-roach.com,,https://frederick.com
2020,Short,garymelton@petersen-lam.org,,http://www.lawrence.biz
11,Henry,mathisgloria@house-hamilton.org,,https://silva.com
15,West,patrickfelicia@goodwin.org,,https://henson.net
29,Gallagher,hortonmiguel@mays-rivers.org,,https://morse.org
2021,Wiley,preston76@house.com,,https://valencia.com
03,Merritt,moneal@hudson.biz,,http://carpenter-estes.net
01,Mejia,beckyshaw@bradley-booth.com,,http://cortez-cooper.com
30,Alvarez,kanthony@osborne.com,,https://www.butler.info
2021,Berger,alexandraroy@juarez-kane.com,,http://james.org
09,Daniel,ckhan@underwood.net,,https://www.chase.info
02,Mueller,joe34@salazar.com,,https://www.duffy-coffey.biz
2020,Middleton,vernon36@browning.info,,http://parrish.com
07,Fletcher,pammorales@james-benjamin.net,,http://werner.org
06,Wong,paulcastaneda@burke.com,,http://www.archer.com
31,Brock,sarahpotts@bradford.com,,https://alvarado.com
32,Petersen,wwhite@perez.com,,https://www.kaufman-ho.com
2020,Fuller,orice@drake.com,,http://tapia-davis.com
07,Klein,damon39@terrell.com,,http://www.drake.com
15,Richards,watkinsevan@ward.biz,,https://www.rojas.net
33,Fitzpatrick,meredith05@lawrence-shaw.com,,https://hale-montes.com
2022,Gregory,lacey04@cross.com,,http://www.nguyen-curry.com
01,Mckay,travisfoley@brandt.com,,https://blake.net
02,Rhodes,hmccarty@sharp.biz,,https://atkins.com
34,Byrd,alisonsanders@durham.com,,https://www.mack.biz
2021,Miller,bjordan@small-black.com,,http://www.cordova.com
03,Marsh,damonhowe@larsen.org,,https://newman.com
09,Paul,tasha85@wilson.biz,,http://gray.com
2022,Oconnell,oneilldamon@spencer.com,,http://barr-faulkner.info
05,Bradshaw,weaverclinton@zamora.org,,https://www.walton.biz
03,Chase,xtapia@hensley.info,,https://patel.com
35,Crawford,fenglish@warner.net,,https://www.wells-simon.info
36,Vance,brendanbarrera@gill-thornton.info,,https://frey.com
2021,Sanford,peggy95@park.info,,https://www.donaldson-norman.com
03,Singleton,kerriray@owen-stone.info,,http://www.singleton.com
17,Sutton,nichole45@michael.org,,https://www.thompson.org
2021,Eaton,daltonrangel@prince.biz,,http://www.elliott-tyler.org
01,Huff,vmyers@novak-delacruz.biz,,https://garner.net
12,Pollard,weavermeagan@sampson.com,,https://fox.biz
37,Hunter,hebertdarin@kidd.com,,http://www.small.com
38,Miles,elizabethcopeland@morris-moss.info,,http://bautista.com
2020,May,cannonshirley@carson-dorsey.com,,https://www.brock.com
01,Garza,dana05@hester.net,,http://www.larson.com
14,Brown,willie99@snyder.com,,http://sloan.info
2020,Oconnell,lunakirsten@zimmerman-salinas.org,,https://howard-crawford.com
10,Garrett,marthaguerra@anderson.com,,http://www.campos.org
29,Bender,joanne07@pennington.com,,http://www.huffman.com
39,Harrison,jerry26@hudson-acevedo.net,,http://curry.com
40,Fowler,katie93@norris.biz,,https://www.whitehead.org
2020,Golden,gacosta@stephenson-tyler.biz,,http://www.best.com
03,Lawson,madisoncarey@spence-beck.info,,https://hinton.com
02,Vaughan,kari95@henry.org,,https://weber.net
2021,Hoover,tiffany09@perkins.com,,http://wilcox.com
06,Boyle,davefarmer@neal-farrell.org,,http://www.walter.info
11,Noble,lydiameyers@frederick.com,,http://www.escobar.com
41,Molina,timothyrivera@wade-galloway.net,,https://www.bridges.biz
2022,Christian,harmonmadison@finley-clarke.net,,https://nash.info
02,Estes,vincent58@norton.com,,https://www.mendez-duran.com
12,Myers,brandibarker@peterson.net,,http://cantu.com
42,Barker,lindsayrocha@preston.org,,http://www.orozco.biz
43,Huerta,daniel75@hansen.com,,http://mitchell.com
2020,Knight,eschultz@salas.com,,https://vincent.com
02,Booth,perry87@nichols.biz,,https://molina.com
13,Guerra,frederickmisty@carpenter-nielsen.net,,http://palmer-chan.org
2020,Murillo,jodonnell@oliver.com,,http://www.medina.info
05,Lawrence,ehampton@lopez-brandt.org,,https://www.butler.com
10,Ewing,evansstuart@griffin.org,,http://mata.com
44,Pacheco,kristina23@carr-arias.com,,https://galvan-lucero.org
45,Browning,gabriellanorton@robertson.org,,http://www.pena.com
2021,Woods,lonnieguerra@cooke.com,,https://wallace.com
01,Lopez,cowandeanna@house.com,,http://frye.com
04,Small,reginahancock@walker.org,,http://haney.biz
2020,Kirk,jasmin18@juarez-richmond.com,,http://lam-villanueva.com
09,Arellano,sandy44@thomas.com,,https://bradford.com
24,Hayden,gravesalisha@harrell.info,,https://www.li.biz
46,Bullock,bcole@stevens.com,,http://www.bernard-archer.info
47,Leonard,jessica41@klein.biz,,http://www.meadows.org
2022,Mcfarland,guymorrow@romero-owen.com,,https://www.horne.com
04,Steele,manuel95@holden-franklin.com,,http://www.maldonado.com
17,Boone,yreyes@rowe.com,,https://li.com
2021,Moyer,russorussell@galloway.biz,,https://franklin.com
12,Reese,craigwhitney@carrillo.info,,https://randolph.com
25,Bullock,cwolf@arellano.com,,http://www.wise-horton.com
48,Paul,bweaver@levy.info,,https://www.mccarty.biz
2020,Cardenas,wflynn@andersen.com,,https://www.anderson.com
06,Velez,pcannon@choi.com,,http://www.pacheco.com
23,Collins,luis12@buck.com,,http://flynn-cameron.info
49,Harper,fieldskelly@blackburn.biz,,http://macias-duffy.com
50,Serrano,vwhite@peterson-gould.com,,https://www.lambert-smith.biz
2021,Robbins,cuevasgeorge@navarro-mcmahon.com,,https://mccarthy.com
10,Abbott,breanna32@mayer.net,,https://www.jordan-phelps.org
06,Cantrell,kwarner@barrera.org,,http://powers-bird.com
2021,Washington,sharpgreg@rubio-garrison.org,,https://www.stone.com
10,Suarez,usloan@harrington.com,,https://www.duncan.org
21,Washington,ariana05@kelly-arellano.com,,http://www.conrad.com
51,Hamilton,edward56@parks.biz,,http://jones.com
2020,Fletcher,gcollier@golden.com,,https://rhodes-hutchinson.org
01,Morse,woodsdevin@maldonado.org,,https://www.wheeler-wong.com
26,Pruitt,mcbridekylie@mcdowell-christensen.com,,http://johnson.net
52,Peterson,rothkerry@atkins-porter.com,,http://www.miranda.info
53,Pearson,jerrygates@garner.net,,https://burnett.com
2020,Meadows,jack76@compton.com,,https://www.hunter.com
01,Dickson,kaitlinbooth@hurley.com,,https://www.rhodes.biz
22,Shannon,hillterrance@gamble.info,,http://mccann.com
54,Vasquez,mosleyross@lawrence.com,,http://www.weiss.com
2021,Oconnell,malik63@frazier-nichols.biz,,http://www.gray.org
08,Walker,luceromaxwell@wong.biz,,http://hodge-ramirez.com
19,Shah,luis82@sparks.com,,http://www.butler.biz
55,Mitchell,lauren64@faulkner-hood.info,,http://mckee.com
2022,Schmidt,elutz@medina-garcia.com,,https://www.payne.com
05,Simpson,knappalisha@franco.org,,http://www.robbins.biz
12,Keith,yolanda40@rhodes.com,,http://www.murray-woodard.net
56,Hoffman,xortiz@gates.com,,https://beltran.com
2022,Tyler,obates@bennett-nicholson.net,,https://freeman-maddox.com
04,Ford,sabrinaerickson@wise.info,,http://odom.info
21,Gates,xrollins@mcfarland.com,,https://www.hood-decker.com
57,Gaines,yolanda53@thomas.info,,https://www.marshall.com
2020,Wilson,lucas94@barrera.com,,https://booth-guzman.info
11,Jordan,wisediane@dean.com,,http://bowers-ashley.com
12,Stafford,tonyaruiz@farmer.com,,http://www.hatfield.com
2020,Saunders,triciarichards@shelton.net,,http://www.hurley.com
10,Barrera,philip88@carr.biz,,http://www.boyle-archer.net
11,Bullock,josephchaney@roach-rocha.info,,https://www.huff.com
58,Stuart,shanecuevas@terry.com,,http://rubio.com
59,Lamb,aserrano@webb.org,,http://gordon.org
2021,Huang,ericksoncheyenne@taylor.com,,https://harris-houston.biz
09,Hendricks,dorothy66@howe-kim.com,,https://suarez.com
30,Ramos,oscar33@holden-morrow.com,,https://maynard-madden.net
2021,Carpenter,jacobskurt@dalton-small.com,,http://www.mathews.com
06,Whitehead,iosborn@brady.com,,http://levine-francis.com
26,Arnold,walterfrye@good-boyer.com,,http://christian.com
60,Lawrence,samuelwelch@reid.net,,https://bush.com
2021,Moran,wcole@bell.info,,https://www.roth-haney.com
10,Stephens,miguelmathis@crawford.info,,https://burnett.com
22,Hale,romeroangie@cunningham.org,,https://www.jennings-mann.com
61,Lee,vbooker@donovan-stokes.info,,https://greene-goodman.info
62,Savage,cheyenne64@solomon.net,,http://terrell.biz
2022,Duffy,rmcfarland@shelton.com,,https://www.pearson-wallace.biz
03,Serrano,tammyspence@day.org,,https://www.haley.info
03,Rosales,joanna47@davidson.org,,https://www.cochran-cook.com
2020,Arellano,jeffrey24@douglas-landry.com,,http://www.hardin-duran.org
09,Shea,burnettrebecca@brewer.info,,http://www.tyler-sosa.biz
02,,,,
63,,,,
2020,,,,
03,,,,
10,,,,
64,,,,
2021,,,,
03,,,,
15,,,,
65,,,,
66,,,,
2021,,,,
10,,,,
05,,,,
67,,,,
2021,,,,
12,,,,
05,,,,
68,,,,
2021,,,,
09,,,,
26,,,,
69,,,,
2020,,,,
12,,,,
05,,,,
70,,,,
2020,,,,
03,,,,
15,,,,
2020,,,,
12,,,,
20,,,,
71,,,,
2021,,,,
06,,,,
22,,,,
72,,,,
2020,,,,
01,,,,
12,,,,
73,,,,
2022,,,,
01,,,,
09,,,,
74,,,,
2020,,,,
07,,,,
21,,,,
75,,,,
76,,,,
2020,,,,
02,,,,
26,,,,
77,,,,
2021,,,,
09,,,,
13,,,,
78,,,,
2020,,,,
05,,,,
21,,,,
2021,,,,
09,,,,
29,,,,
79,,,,
2020,,,,
11,,,,
02,,,,
80,,,,
2020,,,,
09,,,,
05,,,,
81,,,,
2021,,,,
09,,,,
24,,,,
82,,,,
2020,,,,
04,,,,
30,,,,
83,,,,
84,,,,
2020,,,,
12,,,,
12,,,,
85,,,,
2020,,,,
10,,,,
13,,,,
86,,,,
2021,,,,
08,,,,
17,,,,
87,,,,
2020,,,,
10,,,,
22,,,,
2020,,,,
05,,,,
27,,,,
88,,,,
89,,,,
2020,,,,
06,,,,
23,,,,
90,,,,
2021,,,,
04,,,,
25,,,,
91,,,,
2022,,,,
05,,,,
16,,,,
92,,,,
2020,,,,
09,,,,
20,,,,
2021,,,,
02,,,,
11,,,,
93,,,,
94,,,,
2022,,,,
04,,,,
14,,,,
95,,,,
2021,,,,
03,,,,
20,,,,
96,,,,
2020,,,,
12,,,,
24,,,,
2020,,,,
04,,,,
22,,,,
97,,,,
98,,,,
2021,,,,
12,,,,
10,,,,
2022,,,,
05,,,,
15,,,,
99,,,,
100,,,,
2021,,,,
07,,,,
27,,,,
2021,,,,
10,,,,
22,,,,
101,,,,
2021,,,,
07,,,,
24,,,,
102,,,,
2021,,,,
12,,,,
12,,,,
103,,,,
2020,,,,
06,,,,
30,,,,
104,,,,
2020,,,,
04,,,,
11,,,,
105,,,,
106,,,,
2021,,,,
07,,,,
09,,,,
107,,,,
2021,,,,
01,,,,
24,,,,
108,,,,
2020,,,,
03,,,,
02,,,,
109,,,,
2020,,,,
06,,,,
24,,,,
2020,,,,
01,,,,
03,,,,
110,,,,
111,,,,
2020,,,,
07,,,,
05,,,,
112,,,,
2020,,,,
12,,,,
29,,,,
2021,,,,
02,,,,
06,,,,
113,,,,
114,,,,
2020,,,,
08,,,,
07,,,,
115,,,,
2021,,,,
04,,,,
10,,,,
116,,,,
2021,,,,
07,,,,
23,,,,
2020,,,,
08,,,,
30,,,,
117,,,,
2020,,,,
05,,,,
23,,,,
118,,,,
2020,,,,
03,,,,
25,,,,
119,,,,
2022,,,,
05,,,,
13,,,,
120,,,,
2021,,,,
06,,,,
28,,,,
121,,,,
2021,,,,
03,,,,
17,,,,
122,,,,
2021,,,,
09,,,,
29,,,,
123,,,,
124,,,,
2020,,,,
05,,,,
07,,,,
2021,,,,
09,,,,
12,,,,
125,,,,
126,,,,
2020,,,,
10,,,,
04,,,,
127,,,,
2020,,,,
02,,,,
13,,,,
2021,,,,
12,,,,
20,,,,
128,,,,
129,,,,
2020,,,,
06,,,,
17,,,,
2021,,,,
10,,,,
28,,,,
130,,,,
2021,,,,
05,,,,
25,,,,
131,,,,
2022,,,,
01,,,,
15,,,,
132,,,,
2020,,,,
04,,,,
26,,,,
133,,,,
134,,,,
2022,,,,
01,,,,
15,,,,
135,,,,
2021,,,,
07,,,,
15,,,,
136,,,,
2021,,,,
11,,,,
27,,,,
2021,,,,
09,,,,
26,,,,
137,,,,
2021,,,,
12,,,,
25,,,,
138,,,,
2022,,,,
04,,,,
25,,,,
139,,,,
2021,,,,
11,,,,
18,,,,
140,,,,
141,,,,
2022,,,,
04,,,,
17,,,,
2021,,,,
05,,,,
18,,,,
142,,,,
2021,,,,
10,,,,
29,,,,
143,,,,
144,,,,
2021,,,,
09,,,,
19,,,,
145,,,,
2021,,,,
04,,,,
27,,,,
146,,,,
2021,,,,
08,,,,
01,,,,
2020,,,,
03,,,,
02,,,,
147,,,,
148,,,,
2020,,,,
03,,,,
22,,,,
2021,,,,
09,,,,
17,,,,
149,,,,
150,,,,
2021,,,,
09,,,,
08,,,,
2021,,,,
01,,,,
23,,,,
151,,,,
152,,,,
2021,,,,
09,,,,
08,,,,
2020,,,,
06,,,,
15,,,,
153,,,,
154,,,,
2020,,,,
04,,,,
30,,,,
155,,,,
2020,,,,
10,,,,
12,,,,
156,,,,
2020,,,,
10,,,,
31,,,,
157,,,,
2020,,,,
08,,,,
27,,,,
158,,,,
2020,,,,
03,,,,
31,,,,
2020,,,,
10,,,,
31,,,,
159,,,,
2021,,,,
01,,,,
31,,,,
160,,,,
161,,,,
2021,,,,
05,,,,
27,,,,
2022,,,,
01,,,,
13,,,,
162,,,,
163,,,,
2020,,,,
06,,,,
24,,,,
164,,,,
2020,,,,
09,,,,
18,,,,
2020,,,,
10,,,,
19,,,,
165,,,,
166,,,,
2021,,,,
02,,,,
08,,,,
167,,,,
2021,,,,
07,,,,
05,,,,
168,,,,
2021,,,,
07,,,,
03,,,,
169,,,,
2020,,,,
09,,,,
17,,,,
2020,,,,
08,,,,
05,,,,
170,,,,
171,,,,
2021,,,,
10,,,,
12,,,,
172,,,,
2021,,,,
01,,,,
25,,,,
2021,,,,
05,,,,
18,,,,
173,,,,
2021,,,,
03,,,,
16,,,,
174,,,,
175,,,,
2021,,,,
12,,,,
16,,,,
176,,,,
2020,,,,
05,,,,
05,,,,
2021,,,,
04,,,,
17,,,,
177,,,,
178,,,,
2020,,,,
10,,,,
17,,,,
179,,,,
2020,,,,
11,,,,
24,,,,
2021,,,,
01,,,,
17,,,,
180,,,,
181,,,,
2021,,,,
04,,,,
25,,,,
2020,,,,
11,,,,
13,,,,
182,,,,
2021,,,,
11,,,,
24,,,,
183,,,,
184,,,,
2020,,,,
03,,,,
23,,,,
185,,,,
2020,,,,
10,,,,
19,,,,
186,,,,
2020,,,,
06,,,,
14,,,,
187,,,,
2020,,,,
09,,,,
27,,,,
188,,,,
2020,,,,
01,,,,
29,,,,
2020,,,,
12,,,,
30,,,,
189,,,,
190,,,,
2020,,,,
04,,,,
10,,,,
191,,,,
2021,,,,
09,,,,
30,,,,
2020,,,,
04,,,,
10,,,,
192,,,,
193,,,,
2021,,,,
03,,,,
10,,,,
194,,,,
2021,,,,
04,,,,
17,,,,
2020,,,,
11,,,,
06,,,,
195,,,,
2020,,,,
03,,,,
22,,,,
196,,,,
2022,,,,
03,,,,
17,,,,
197,,,,
198,,,,
2022,,,,
03,,,,
24,,,,
199,,,,
2020,,,,
12,,,,
31,,,,
200,,,,
2021,,,,
09,,,,
04,,,,
201,,,,
2021,,,,
03,,,,
01,,,,
2022,,,,
01,,,,
16,,,,
202,,,,
203,,,,
2021,,,,
01,,,,
10,,,,
2020,,,,
10,,,,
02,,,,
204,,,,
2021,,,,
08,,,,
22,,,,
205,,,,
2020,,,,
05,,,,
17,,,,
206,,,,
2020,,,,
10,,,,
21,,,,
207,,,,
208,,,,
2021,,,,
08,,,,
04,,,,
209,,,,
2022,,,,
01,,,,
13,,,,
2021,,,,
09,,,,
09,,,,
210,,,,
2020,,,,
08,,,,
17,,,,
211,,,,
2021,,,,
02,,,,
01,,,,
212,,,,
2021,,,,
01,,,,
28,,,,
213,,,,
214,,,,
2022,,,,
03,,,,
03,,,,
215,,,,
2021,,,,
01,,,,
15,,,,
216,,,,
2020,,,,
07,,,,
05,,,,
217,,,,
2020,,,,
12,,,,
05,,,,
218,,,,
2021,,,,
05,,,,
11,,,,
219,,,,
2020,,,,
03,,,,
01,,,,
2020,,,,
05,,,,
03,,,,
220,,,,
221,,,,
2021,,,,
12,,,,
17,,,,
2020,,,,
10,,,,
26,,,,
222,,,,
223,,,,
2020,,,,
09,,,,
10,,,,
224,,,,
2020,,,,
02,,,,
11,,,,
225,,,,
2022,,,,
01,,,,
26,,,,
226,,,,
2021,,,,
02,,,,
16,,,,
227,,,,
2021,,,,
03,,,,
15,,,,
228,,,,
2020,,,,
03,,,,
27,,,,
2021,,,,
03,,,,
30,,,,
229,,,,
230,,,,
2021,,,,
12,,,,
29,,,,
231,,,,
2021,,,,
07,,,,
13,,,,
2020,,,,
10,,,,
01,,,,
232,,,,
2021,,,,
03,,,,
02,,,,
233,,,,
2020,,,,
10,,,,
09,,,,
234,,,,
235,,,,
2022,,,,
05,,,,
10,,,,
236,,,,
2022,,,,
03,,,,
23,,,,
2020,,,,
12,,,,
18,,,,
237,,,,
2020,,,,
11,,,,
08,,,,
238,,,,
239,,,,
2020,,,,
04,,,,
12,,,,
2020,,,,
08,,,,
17,,,,
240,,,,
2021,,,,
10,,,,
18,,,,
241,,,,
242,,,,
2022,,,,
05,,,,
03,,,,
2021,,,,
01,,,,
26,,,,
243,,,,
244,,,,
2021,,,,
12,,,,
09,,,,
2021,,,,
04,,,,
29,,,,
245,,,,
246,,,,
2021,,,,
11,,,,
17,,,,
247,,,,
2020,,,,
03,,,,
28,,,,
2020,,,,
05,,,,
07,,,,
248,,,,
249,,,,
2021,,,,
05,,,,
01,,,,
2021,,,,
02,,,,
01,,,,
250,,,,
